GBKKKUXPN,IAKQTKTL,2012,2.84
LBWMYDGPI,JELRPAWY,2014,2.86
LMHIXBXLV,QRIKMNXU,2013,3.26
BMTAYJCZN,DBRSOBAL,2010,2.97
VMJPSAHZF,SYMRNRWJ,2012,2.7
IFCQDPITF,WNGTMPYJ,2013,3.1
RIMSVTXJJ,AGPPVTUL,2010,2.97
ILDKWIJAR,JNCZSRZR,2012,3.24
JXVKEDOYT,IKGZWJHI,2009,3.01
QEEVSUWIK,GXQDQDNI,2008,2.89
KHFLCFZEY,SYOICIVC,2012,2.92
JDWSVYERR,ZCHTFBLN,2007,2.98
MUNZCUZZU,QSXOZFTA,2009,3.01
UNQWFQGXK,TYWONWAQ,2009,2.79
MHIALGHIQ,QUUTKHKE,2007,3.1
MGZTVUCWG,OYVGRDEN,2009,3.11
SMGMPOQUL,VZQENNDJ,2014,2.86
LOQVBANFR,AMHEFXYL,2014,2.64
EOCFHUDKV,UHVCRWLE,2007,2.89
ILLUPTVZQ,TLCXBTKM,2007,3.02
TGUTWYOSO,ORIPLVHQ,2014,3.16
GWWNSTLFZ,ZHJKBWFB,2013,2.92
MJOBBXHCC,JSRPCOTS,2014,2.52
DKECUGEFJ,AQUSGXPA,2011,3.11
NUSBELBXX,VGQTQZST,2013,3.03
ZVPPQNCWG,MZKLYHZI,2014,3.08
DTZBVFIAB,LRJKRFHX,2014,3.34
YANUPCJJN,KGMGERHB,2014,2.77
TGQDJRXEX,XHMFPWWN,2008,3.24
BZGEFJECZ,NUCRJNDI,2013,2.82
NPDAHQTIO,RMMHFMFD,2014,2.86
ITTEHXAAB,LRHYLRLR,2008,2.81
VMYHGYXZS,JEXKZUCZ,2010,3.27
UUSFUYQHX,TVAYGISP,2007,2.56
MVLVJSSOA,YEYNPVVA,2007,2.89
QGJDLABFK,PHDLSCRR,2014,2.82
BIRWTEKGK,TCDIEDPP,2012,3.17
NMSYBKBFJ,JTZEYQMO,2013,2.79
MWWWOCAZZ,JJYZMZTA,2010,3.01
KPYGQPOFJ,LVOWSYQW,2009,2.91
WGHHQCAEY,JWLQRDBI,2007,3.34
XCKIQZCSP,ITPMGFVV,2008,2.62
DFRMLNZNA,XYJTFYXL,2008,3.17
BAZOKKUYW,FWZAKCIQ,2013,2.47
JVTRQIFJG,WVJFTQNQ,2013,2.71
CMJAZBLIZ,VOUYEEMM,2010,3.23
QMIJRYEKN,RUHJHRPG,2013,2.92
MHJDSNBSO,NAGNUMMX,2008,2.82
TZIBLIRKW,GVVLIHKM,2012,2.9
JESKGJQSG,SZTLIKJL,2009,2.62
OLRLEAUOL,RTCYFSMZ,2014,3.03
RJNFUEPJU,LTNEKLYW,2009,3.11
FAMJKLDZD,TCNWMNMS,2014,3.23
UXEGHQJOD,KDBFZPXD,2009,2.72
GWAZAQNFC,TXHWGXCI,2009,2.94
CDCSYNAPV,HUAKXDHB,2009,2.99
UZHBTUGOV,TXDMSCHZ,2007,2.69
GDMWODDUH,RSJPSNAQ,2008,2.99
JUQJVLVFJ,STQHPZDU,2007,3.17
QLCZJQMSP,JNSGGGBK,2014,2.86
ODTZHCSQH,FEKRZKMH,2013,3.14
QVTPUFTEJ,DQRYDXWG,2007,2.95
FKCXODTBB,QSZAQSDJ,2010,3.18
MGEMCRBGW,GZZDJQQE,2014,3.0
CHARKCQMZ,QBHRQWDH,2009,3.06
YWUDAHLIP,TVQDCXPH,2007,3.22
NNCDIURBK,HDSXHRLC,2008,3.35
ULMYCCQJY,QMMUHCTR,2014,3.3
JZURQGAQR,HFZHOUIB,2012,3.08
RPHCOHKBE,PPXRQIFO,2009,2.96
OXXBRZHVB,IJGWEGWH,2007,3.5
IQYIWQLDO,CAVNVCTB,2013,3.09
SZYGFQVLL,LGVSFGZC,2012,2.79
MFLZWXCJK,YVSRZBAD,2010,2.35
YZXJYTWIC,KPSIJWGF,2009,3.57
ZAJLEYHIO,WBBYOSOW,2007,2.94
RIQQUXVWD,UYCIABPB,2014,2.75
LTJZPAMBJ,OOOPMUMT,2008,3.19
JIFYTBLRM,UWSSNMDU,2009,2.97
DVPBLYABP,KXUPARWA,2013,2.78
PXEYXDCGB,VRJXKCZD,2007,3.17
MTEXSYVES,ZCNXHNAZ,2014,2.87
AFGUTMVVC,DFBFGHWW,2008,3.03
OTYXSBCPZ,JBWCGLOT,2008,3.45
ZWDIGLPVU,HLZPWTEN,2007,3.03
TJHPHBCSO,PFVTZLNW,2007,2.99
UCZDYFPXC,SGZTLECA,2009,3.03
WLCRAJXLZ,TNONMOUS,2014,3.05
AVKDDZCCF,DZMAUMEV,2009,2.62
SZFTYJIHK,CMMIHAPM,2007,2.66
OBNIJKSWS,USRAWRZR,2011,3.21
TTJCPUPDD,UBHBUXXO,2010,3.34
NBLCBYYXC,UYJVFOWI,2013,2.66
MYFUZHSWZ,TVXAXWIK,2007,2.79
SDMJWJZNP,GRGBZWFA,2014,3.24
YXXUJZTJF,AWJCLLRS,2008,2.8
YNOVLFPVV,PMOSSGOH,2008,2.96
VHFYDAKKL,OMVPICXH,2012,2.92
YTLVXERAL,ONPEUDMJ,2007,2.98
DQYVQLJQB,PKUDTVTW,2009,2.63
BKTRURVWN,DQXPAJYV,2014,3.03
KBGUSAGTQ,WWPFPZKI,2014,3.12
DMTACHXUH,FUPXOZMX,2013,2.68
SOEMEWIMA,YQJPWFLV,2008,2.79
GZJIUVGSP,PVZDGFEK,2012,2.81
GRWOCPFNU,JXJIQLMZ,2009,3.03
GAGTMPAYS,XXSJUAXH,2009,2.58
ESNYZRFWK,GQFIPJPD,2014,2.97
MHQXDXZBC,IZPJOCYA,2009,2.75
NZSECSAWP,OHSREOGK,2009,3.24
HCLOZZMYQ,PHWNSFFA,2014,2.66
DUVKVLCFY,USUCJLTZ,2011,2.85
PTMGDMYXB,AGQFFCMH,2007,2.89
TYPNIIBRK,EZRFBCHJ,2014,2.95
TPGYUGNLD,PSPWNJRT,2014,2.82
GYYTIAIEZ,ZGHODMFE,2011,3.04
JOQHQFYOZ,SRPSRYQE,2007,3.05
KVSYCEKJG,BQCRJXTB,2010,2.79
ALLEJAQZH,CBLBBFBH,2014,3.08
XOQHQZDZP,XGIYCDKY,2012,2.72
SJYJYTORD,ABMRESQD,2013,3.2
UOFSINAFI,LIJQKWYN,2013,2.81
JOIVMUZPJ,YHQJWZNS,2008,2.95
ANVIDRCYM,MIPQSLYK,2012,2.84
LLJVAMUVL,KQDZRNIQ,2007,2.81
YYRZCXKES,FDVIHMFS,2012,3.09
XABRGMRJV,PMEOEOFM,2014,2.74
WMCHGNTRJ,IMAJIJXT,2008,3.18
IRAVQJAGY,GKOVLKHL,2009,3.15
BLZGZAWUD,LFLUBKXZ,2013,3.55
WRORENSEU,LJQCKVVY,2014,2.72
GJLKERWBR,JUKHXLHI,2010,2.86
JHWKLDDBE,KAUUOGVJ,2011,3.1
GXEZGHRTF,ERHHZWPZ,2008,3.05
ZNLFVIDZT,EJISZANZ,2010,3.08
KCKNRCRIS,QNYTWGQN,2013,2.77
JDZCZZFXS,WAUXTYXG,2011,3.09
QXDMMPFHM,KJIQMSTQ,2013,3.07
TVXOXIOLU,KNZEOBKJ,2009,3.05
CADXGGEZV,SWLSBQQV,2013,3.07
PSBOSYGSK,JJGUCOKO,2012,3.03
CYRWGKBWF,ERYKYNFK,2012,3.18
BKRMVHCLQ,KOZWAUAL,2012,3.27
ZHPXRZLPM,CWZVUIVD,2014,3.0
LGQXNGEIR,RMFRCNRP,2012,3.14
ZCYCFTTYH,YFNUGAKW,2010,2.64
KFUBCASMP,XKGMXVOL,2011,2.81
WZKZCZRNR,DLLXWJHK,2007,3.26
LYZECVBXU,BOOOESQV,2012,3.01
AHDQCXJNC,WNRTOYGG,2008,3.05
NYMWYONNZ,IKNTTYUF,2009,2.87
AGFZWCFBA,RDELCNTX,2011,2.9
EJUSTQZRS,OWCBKSHJ,2012,2.92
GEHMPSRDR,BLNMQGAS,2013,2.99
KUEPTVCUJ,SOLITFJE,2011,2.95
VYFTDGYKX,YLRPNOBJ,2010,2.87
OSVKFSDPK,LUQCBKPM,2012,3.02
OVHPIBZHG,WHGICRJZ,2007,3.13
XYQCYXCUH,SUBORAPL,2012,3.06
GENECTDKY,NOFXFYDS,2007,3.09
KLSKWWRYZ,PZYOGHFD,2007,3.03
RVTTFDTMB,XGGXSGHB,2014,2.71
DBYYIHMOL,ZHWOKOSW,2009,3.1
TAECLHIIF,VKDYTEMV,2011,2.85
EVDPOSSJY,GHSHEZVS,2009,3.18
VWQCFIGDY,JBIDUGCQ,2008,3.06
PZGDALBQQ,ERYYLKVH,2009,3.0
GWDCPCONP,WHPCIMEB,2010,2.74
AKKCVGCNU,TEQKPZER,2010,3.26
MGRMUHPWS,EDNGZYLJ,2010,3.28
BCDDFUQKO,IKEZUXBL,2007,3.26
JXMOBQUQC,OXDZJOSN,2010,2.74
WESDUMABG,JTGPFUAI,2010,3.13
EJAZFMYGJ,NHUXDPUN,2012,2.95
SZVDPMHYA,BLLVZYQT,2009,2.9
ZKLGTKTRN,DTSLMFOE,2007,3.15
RMIGXDEGJ,HDRJUCMY,2007,3.13
VHPOYPYYO,QYQUNGUP,2008,2.73
PQZJRAMXP,UXZLZIXX,2013,3.24
EFLGVNUZQ,YQILBQIQ,2012,3.01
FSAYPPVDD,TCPOOHWX,2007,2.96
GKYSYLNPZ,MVOENKEF,2011,3.18
KRJKRHDVZ,LQBPNXLX,2012,2.89
QAEAQZLCP,DHLYHCCY,2009,2.9
HFUOJVRWH,GQELKGSG,2010,2.76
UBRFSRPXY,YEFGJLOR,2012,2.94
VOKDALETV,HLWLOZUZ,2014,3.06
AXGYHBAFV,WDGHRDDN,2013,2.79
DROOVZBFW,YDYTBCFE,2008,3.01
ENYGIHCOX,FFRSKGNW,2011,3.11
SQHDLUBGL,BHFAJZUC,2010,2.6
LAWHRDWPC,RDFWESCU,2011,3.27
UIRLSBWLU,CZKALCIR,2009,2.93
JPUBHRZRU,DIJNQGLX,2011,3.03
OQBJKPMZZ,CDNSSQCF,2011,3.28
BTDWDDMFA,MJETQFYX,2012,3.03
FSQDYMHKZ,XGKUZFSI,2008,3.02
UGLRGKYXU,QEZYIMQO,2014,2.93
PVNJURXXM,VMIRTBUZ,2013,3.17
WOCDLKJGA,PBRPMLPK,2014,2.74
NZMQZLRBH,CMIOTBFF,2012,3.27
CYHFMFFFQ,CJESLTAL,2011,2.54
RGSMODMLZ,OMKILRJR,2008,3.03
DPAGQGEMP,UGXJGYGX,2011,2.66
MXUHUIYXW,SVXBZTRU,2013,3.18
UIREEQIIW,GQCJBDMO,2010,2.83
PIUOWKOZO,MZFNXKUE,2008,3.25
BRRLSNNMU,VWFLSWBD,2014,2.73
DJRRQOJUV,QLIZWPOE,2007,3.1
PDJOZHPSX,PFCVCONX,2014,2.64
GOJKBTDQW,PGQNNLCF,2009,2.94
CNKTSMSYQ,DPKHRNNK,2009,3.15
WMPHWEHFQ,WLUHMMDF,2012,2.85
JCSBSCIBY,MPVJFEUN,2012,2.8
VHARIEXHJ,DFENDIYZ,2013,2.88
AQMVSYPCS,GPBAZMDF,2012,2.8
RASKEJNQJ,XFHAUISD,2013,3.04
QDBJCFMDH,ZTVVZOZG,2008,3.05
QTSWCRLBJ,LOWCVKNU,2013,2.97
HNIQUJBER,JJAYGDYD,2008,3.22
JGBWVSEXQ,OBMPPYEE,2014,2.83
URNPKKRWH,KDZDJHOJ,2011,2.53
NWQXNJKWM,YIOBWVJL,2011,2.89
QMOEGIGZB,DFWVKHZW,2014,3.2
DLJIXMGJD,ARRYXJXU,2011,2.73
DBAEBUESX,SJIEUNBJ,2011,3.07
WVVDNIUQY,WOEZMOUY,2011,2.9
AUKHKNEBI,TRJZZVBC,2010,2.91
YQFSAMFCM,NQGEXKSM,2013,2.83
ECXUHLAUR,WWKEAPFN,2011,2.89
IVDKQGTBP,NWUZQEWD,2009,2.71
DPAGCTJJK,RZBQWHKQ,2009,3.1
FSZBNVWEQ,DKHVYHPL,2014,2.55
FNMWWFGFY,NTSQMXAI,2010,3.41
PPTKQOPVX,PNYFDXVF,2008,2.86
NMJDJMFGL,HEARWNWI,2011,3.02
MNPAQPLHH,LNXNUNIO,2010,2.88
SBRDHFRAY,LNLIJWTL,2008,2.58
DRELNXZVL,LGYJCFMF,2008,2.95
MFGLWXSEQ,UZXPOOHP,2007,2.93
JPZEBOFHG,TBFIRFLN,2011,2.77
YRYCOBBUL,PVIHTNIX,2010,3.14
TOOWVLFGQ,UDVXDHPK,2010,3.01
NNUVCGJJF,NMCAUQED,2009,2.83
PCEPZZMVC,NZBDTPXW,2008,3.2
AKDRJHMPN,URURUMDQ,2012,2.98
SFQDSKOKX,VXEJFLDM,2012,2.93
DJCBTKIDO,TQJMMYSY,2007,2.98
XXOPYFPTO,XAMUVDJZ,2010,2.92
CEIBKBJYO,TWWMYNVO,2012,2.73
XJAEZIIFS,ZDLOFBQS,2013,2.91
LSDGXCDLS,SDLMGKMJ,2009,2.86
GQMIRVFXI,IDPHRYWB,2007,3.06
ZXCVKDEST,XICMOGCA,2011,3.29
YJMXHVORP,CUFEFOYD,2013,3.26
BRXUOYYVY,TCQRDSLH,2012,2.6
VPGOPUSVV,TNESFMUI,2010,2.91
JQSCVKYQG,HVWXOVTL,2014,3.06
GIRDMKPSP,SPMDIITN,2011,2.78
KEJZSGLSH,VJNXMZCZ,2007,2.71
ETCRFRKRD,PUTKBONO,2011,2.89
OBDEKCWXW,WTQUANBB,2008,3.0
LJWLBRNTH,QNKIQTZF,2007,3.02
HGKULURQW,QGRPCUUQ,2011,3.18
PRJNPLIVR,KREJHWVF,2009,3.24
SJVPKMNSL,DLJWYLNU,2010,3.21
GIGZZNZDI,QFUMHTEL,2011,3.24
YGBEXXWZH,JDGSVWFJ,2008,2.79
QGWNKSZXO,BNHIVSKK,2011,2.9
LVUUYVTXB,NDFRFBSJ,2008,2.91
FRYYXXWTQ,EGXBMHZH,2013,2.81
GTRKVPMUQ,GNKQTDSE,2014,3.07
EIQGBNRBU,MKSRLLAT,2009,3.32
NBWMSXNVA,PQVNKKUI,2012,3.31
PRHNJOSNM,UCVXWWCU,2014,3.19
BJLOZTLXL,MDJXBXTC,2013,2.98
XZGLEHMZT,RCAVLZXG,2012,3.14
USPZNPGIP,QPRTGLUB,2008,2.66
SOLNUKYPJ,KKBCWLWP,2013,2.85
WXAEGNUAG,FPSXWOTL,2011,2.67
JHNZMJSFJ,UMXNYGFW,2012,2.9
TEEGUFKGU,LNZDRYKU,2011,3.06
XOKRHNGOU,RQOPLGLW,2010,2.72
RMHKCENFG,TCCLFRRC,2008,3.08
AOHPRYIZV,EZQERQWJ,2010,2.72
MQQDFXLTW,NMLFRTPI,2013,3.27
EGGVLICLM,UKUYLDXK,2010,3.01
LZCUFPORV,IACZXHWT,2008,3.28
VTIGPRUDQ,KRNMCWWE,2012,3.21
DDRINGUVM,ABVISZHX,2007,2.57
RJNZMGUHV,CNICBJNA,2009,2.82
DOSCCBXUR,LAVHSVSQ,2009,2.86
XZAZEYCVX,MJIHPQKD,2012,3.17
AVSRZCAAX,PTBSJNPG,2014,2.92
QFMIPVIOJ,KZIYBONH,2010,2.73
MBOUODXGK,HBCVWUEC,2009,2.98
KXQLLUNQA,GRUWLRZI,2011,3.06
AARDPNHNC,JAIAOEPG,2007,3.13
TXFTNOFQV,IMDDLILN,2011,2.82
ZDLYZPZQP,QZEDPKQU,2013,2.97
CMBYXULUY,CFAINOWH,2009,3.05
METQVMBYF,PPNPYKWR,2010,2.75
LISDEJRZH,UQEZLTRX,2010,3.03
BIANBOEUP,EOQSEIHX,2012,2.91
VVSSUFCGN,ZPJOEPKL,2013,2.89
HZQDVOFRV,MOQVIXOR,2014,3.17
LSTEUSUQI,VPSDFGYI,2007,2.82
XUAEHOHGL,YGCXQGWV,2009,2.61
QNHFJKOCL,RNTWACRW,2009,2.87
RTHDPLMRA,YTFLGXXI,2010,3.12
IZRMUZBDC,JGJHOYSX,2009,2.74
ANWVOGFFS,YNZDLQVQ,2014,3.26
OXINKTOET,RRALGYPH,2008,2.88
RBEINJRYM,VWJFFDVS,2007,3.05
ZCQALYNRO,BBMPZQIY,2013,3.08
WPTMXYRGU,PCFMSJXI,2008,2.65
MUIRSZZCY,NEXWDCWZ,2012,2.78
VMPHORMCS,GYZLBWRI,2010,2.84
ESFEGTGWX,IWNTOMAX,2014,3.0
GBLBLONKC,GORWUVFJ,2009,2.92
KQFETSHVI,ZPBLGVVI,2010,3.11
JLWYUPYIX,YPVPPEKY,2013,2.73
VQLYINHAN,PJOXFLID,2007,3.29
ICNAPYIDM,HPZZKKQM,2007,2.95
OYELKNVBW,WDIPLXKK,2007,2.66
SXXZFANKJ,PYPURAWX,2012,2.83
VTYTPYQHZ,LJAZLADL,2010,3.04
HEJVHVEVE,KLOGCQFV,2012,2.91
FPJXAXHKY,IJSWDDZK,2010,2.85
GHOCZFJKL,EXDDUXNL,2009,2.92
WQOFKJDJU,IEASFIIS,2012,3.36
ORVGPKJOB,ZLCAQGMM,2009,2.92
RJLFAFXUZ,TGLUILDJ,2009,2.72
JGTKNJAFG,RQEIZGSW,2012,2.79
JISXKGPGK,YDWCWEDR,2014,3.16
GORRENUMO,XFBGDUWZ,2010,2.87
MCDCMZYXI,RMQNTIJT,2009,3.1
SBXYKEBAG,AGYVOLKR,2010,3.06
EZVNDFVRH,TXTEQCUN,2012,2.96
CXEDMZYLQ,HNQHCXUW,2011,2.84
AOURHSQWJ,BJDAQBOS,2011,2.75
PRYVRRIIV,HKMARKEY,2011,3.09
MVMYUGKYK,MOYNVHSA,2011,3.05
HSZDRRXCU,FOGTKZZF,2014,2.64
NFDMVXJUQ,PHCRCSHL,2010,3.3
LKMWVNCRE,ZPTWZJGM,2009,3.02
JIWPXPRDE,HJSRDGQL,2012,3.05
LNXYJNWAP,EYBELNCH,2008,3.12
PYURUAWSN,HMCQEYHC,2012,2.9
SWPUMRBDH,SBEURXBS,2009,2.96
NQKBWGINQ,SYGHWFPE,2010,3.05
MFICQBDWT,HJTEHEVM,2008,3.16
MEAGEUKWD,YEBBXGLI,2012,3.13
WAHEXEYDL,HPDCCJXH,2011,3.1
DIDJHXNPS,LDHKEBGH,2012,2.84
RNQXPFHVU,WWALWODN,2012,3.22
LWRGICHTN,WGQEQZNE,2012,3.16
VWOOSGIWU,CSUFRBZJ,2012,2.98
IAFBYMSPQ,CYYHSOAW,2011,2.83
DSMJYBMHO,NDSXTPXZ,2012,2.69
YFJWOHCYN,LRDNGTNV,2008,3.12
EIOPUNLKJ,YDAVFXOJ,2009,3.1
OVZJPTDNH,OIJFUATO,2012,2.87
LERIGFGDL,ZEUIHBKS,2014,3.29
XWPXJYNBP,BURCBRRQ,2012,3.01
VYFHSQGWR,TQJRTLKQ,2011,2.59
LTTBDQOCJ,SLWMWPET,2010,2.79
RATYDCKKL,VOWLLJZS,2011,3.19
AKDKKBYJR,BMYYLEAI,2013,3.02
LKCRDQVUX,UKJDXCUQ,2014,3.18
OKFSRVNRZ,ZQFRBOBC,2013,2.96
MXFEDOWRT,ICPHTNWD,2013,3.23
ZNGXFHNIK,BOAQAZMF,2011,3.43
MOXKTBUAS,OCYADIYW,2012,2.61
KMMVTILFS,NAXHDWQK,2013,2.86
SYQDJUDTL,RYGQYJGF,2009,2.88
PNILPPXWG,SEYKABJL,2008,2.88
ALZPIBBHR,CHABXRZY,2011,2.65
SHXORDIYU,JUMXLYOD,2012,2.97
FDUENZEZP,QCSEWZTH,2008,3.17
ALLFBUURQ,YFOWFNJZ,2013,2.62
PEWIYSKXD,AMNMQQNI,2013,2.79
XUYWBFSQG,LWEOKCUX,2010,3.18
NVBKKRORT,VEJVWDYW,2007,2.87
HJTMPFUJF,VFNFKTQX,2014,3.24
NRDWXVDSW,VJWGKYUP,2009,3.33
MDCYDOVQY,OBURTECV,2014,3.23
REIZZXIYT,XNUXCPDB,2010,2.95
SSAEHFSBE,JKWQNRNK,2008,3.06
CSINIGYTC,HKHRVQOT,2009,2.94
XWRBEWVHN,FFBXBSCH,2011,3.03
MCYGCFUSY,IFELUVWD,2008,2.74
DFUDDOSTD,ZEHPGPKL,2008,3.13
UUDYLYGFP,XDCJMGDT,2010,2.95
FIEDFUQVH,AOXXAETX,2010,2.86
GIZOBMFLN,PFPDEMMG,2012,3.01
QQMFCPLKF,DMTFWEJM,2013,2.91
ODJXEQMGP,CQLNPLZM,2011,3.04
HNGQTVZNH,QVMQDGMO,2014,2.91
AXGZBGKRM,IGUOEBPB,2007,3.14
ZTFYFYGMW,KATHTEAV,2012,3.02
LALMMNISG,VIYCKJWJ,2010,2.84
GTEHKIGXV,PABXWFVO,2011,3.25
KFWBAVQYZ,KGGKKXCN,2011,3.0
IRMCPFUEC,EPJOTFKU,2012,2.99
CLLFCIGMN,RZXBAMLH,2008,2.71
DRLKWTQHA,GWUHGGGK,2014,3.14
GBYGVCQNW,SNPNBXKN,2008,2.89
TFLJBYMNG,UUDHRWNW,2012,3.09
INTCDOOZM,LEIMWZOW,2012,3.22
EWUXJCMWZ,TUTMKLLY,2009,3.22
KUBLNUNKB,ZXXIWKNL,2013,3.08
ZQAPKKHFF,QRJUQXJP,2010,3.14
KRCNWKWAO,HPVZFSEZ,2012,2.72
IZYXTLDHA,KKYSRTPS,2012,3.04
DWYHBXFYQ,JCNNJBUV,2009,3.25
SSWFHLTBM,ESAETBOE,2011,2.87
QXJQZUNYC,HQAJCJCB,2014,2.8
SHEWSHOAX,EZPSGWST,2011,2.91
LBBXOLTFO,TTTVXAGR,2012,3.08
KFSPSBFYV,POCBCEAX,2009,2.94
LUMVVHEIV,BNLYHSDX,2014,3.03
UEPCOHQJW,MOTGXJDU,2011,2.76
UFJELUSJY,WEWROPLK,2012,3.12
DTTQUKNCS,BKFAVLKQ,2010,2.84
MYJKQSDUP,ZOFTEWKY,2011,2.8
RLIYSIERJ,FZOVTOAN,2012,2.83
LUFOREMWQ,UIJTFEQA,2014,3.05
XPFKLVICO,ALYYCRWQ,2013,3.17
SEAXKAFGG,MRVTXQSU,2014,2.73
PUHNLQTMP,ZXEDMVCG,2010,2.9
JVSUOXJNM,YJHDZIMD,2009,2.96
UJXXHXJOD,MIONAGAB,2012,3.05
QSQHYUPQU,MNZCEAGB,2008,2.97
JTXUVQGXR,INMMLYKZ,2012,2.91
QYDIJXUBT,HAQCOXJQ,2013,2.95
KGQQTWKCO,XSKJZTJI,2013,2.98
TNWDPOFWQ,MYFMRBNA,2014,3.36
XWGXDPNPS,UZOKRBWZ,2011,2.89
RZDWBFGAS,TVLOOHJF,2013,3.29
NESRWQAMI,YANVZHFG,2007,2.84
QCTANKNSO,KTMRBDUC,2008,3.08
FUGIMDDFB,SPFWFTKE,2014,2.84
NMUIMVLBI,OBMZCHPL,2007,2.58
YPEUGCYUM,QUZEFSIS,2012,2.94
YHWFOKLLA,CHBEVOVP,2014,3.11
HSHFCOWNX,ABSNLDAG,2014,3.24
ATLYDRIOE,UKXLYQZL,2007,2.99
FAIRSIPTG,EGBJVMUN,2010,2.8
BTMDOQSYI,LCVWERZO,2010,3.07
TEDWZXQAI,JEOWIZFS,2011,3.08
KDDKTMZLT,RNNTNILC,2013,3.39
CKCHQYMRP,XUGBHCVW,2011,3.21
XNSIMUTUC,WBLKQWOX,2013,2.7
LPWZVPWBA,PADAIYLI,2007,2.77
KUINBDQCN,IHUXBZSG,2007,2.95
ZCGGMWFZY,CBCARLMQ,2009,3.27
QKSERJFZH,WWKIZGRB,2014,3.2
XLMWCSXGS,RHPDCPKB,2013,2.8
FKCKYDWNB,ZJROWQXW,2013,2.99
SKVTRHQRX,EBNSATBJ,2008,2.86
DPSKADITF,NIFHFIAR,2012,2.6
ZLNDFTUJZ,NOBRQRTS,2010,3.15
TQWJFXSHM,EFVKRMRC,2011,3.07
DTSIGEBGW,GJSBWXBJ,2013,2.85
OMNBMNCBT,IZTJIBOP,2013,2.88
FSNAMXYVB,VAFIXEMZ,2008,3.22
DQNCWPRFK,QSDVMOWI,2011,3.25
AOKKZTCOT,HCVEMMEK,2012,2.86
FMADDCPSY,ITBEAFYE,2014,3.25
UUXFIHSKU,GBLBUEQK,2013,2.81
UVPBIFNCW,KLPLAMTT,2007,2.86
EGSYYZFRZ,YFKXOVNN,2007,3.1
YEZIVNLLH,PINJFJZH,2011,3.11
ZSZKKCBOS,BASQECAT,2014,3.02
BMEGJYXKX,JGHRPHJW,2007,3.03
XCUOMOAFZ,JWXTTLHS,2010,2.96
TEYDINWIB,AFNDRFSE,2011,3.02
NLZBLIHFH,JOXCMERA,2013,3.08
HZKCKGMQW,ALIJWGDN,2011,2.86
NOMXIHZJU,XERGPDPB,2013,2.61
TNNAQCMEC,ESTYTIYO,2013,2.84
XMMQMLTUZ,JQPEQZMP,2010,2.46
MGKRABZIC,VPVPNFTQ,2011,2.62
HBQURSWRQ,SMWMRCQU,2008,2.96
KFUCIRZKF,RPJGLMXL,2014,2.83
HYWLFDSFN,CKZUHDHN,2011,2.8
LGEFGKLDV,LTPKMODY,2010,2.96
FVQBEXXIX,WBBUSAEP,2008,2.94
SUQBBDSEY,ACXSOPSW,2010,2.92
CZYSIPLKC,OQQLZLQR,2009,2.53
DJLRSOTUB,MEWCQSZP,2013,2.81
ANEXLNHCG,JTQVFQFI,2012,2.64
WEINNJVVR,HNXUARFG,2009,2.91
JBGMZYGGU,VXSBJXRR,2011,3.21
ORNZGAYRD,CJNEQASF,2009,2.92
DAGQJDNIL,ZMZEJFQR,2008,2.77
TBODZDTRT,TTWDDYAX,2014,2.82
ZLNAWWALC,RYONJMJY,2007,2.79
LJLRULMXA,PCYXVOUV,2011,2.85
